Menu item,Menu item,Item revenue per location,Item revenue,Item revenue (%),Items per location,Item volume,Item volume (%),AOV,Guests,Item return rate,Item re-order rate,Business date previous start,Business date previous end,Item revenue per location previous,Item revenue previous,Item revenue percentage previous,Item volume per location previous,Item volume previous,Item volume percentage previous,Item aov previous,Item guests previous,N day item return rate previous,N day item reorder rate previous,Item revenue per location absolute difference,Item revenue per location relative difference,Item revenue absolute difference,Item revenue relative difference,Item revenue percentage absolute difference,Item revenue percentage relative difference,Item volume per location absolute difference,Item volume per location relative difference,Item volume absolute difference,Item volume relative difference,Item volume percentage absolute difference,Item volume percentage relative difference,Item aov absolute difference,Item aov relative difference,Item guests absolute difference,Item guests relative difference,N day item return rate absolute difference,N day item return rate relative difference,N day item reorder rate absolute difference,N day item reorder rate relative difference
Fooda Tandoori Paneer Bowl,94dd85bd3009de4c2aa15c0426355047,62.72,62.72,0.0000,4.0000,4,0.0000,,0,,,2024-12-30,2025-06-29,,,,,,,,,,,,,,,,,,,,,,,,,,,,,,
Masala Chai Cookies,25a7af37faf799e0226041f2b0b2e282,1132.01,5660.04,0.0035,525.2000,2626,0.0146,57.81,1625,0.2184,0.0784,2024-12-30,2025-06-29,1364.18,6820.92,0.0041,730.8000,3654.0000,0.0190,58.18,1814.0000,0.2359,0.0816,-232.18,-0.1702,-1160.88,-0.1702,-0.0007,-0.1650,-205.6000,-0.2813,-1028.0000,-0.2813,-0.0044,-0.2298,-0.36,-0.0062,-189.0000,-0.1042,-0.0176,-0.0744,-0.0032,-0.0394
Iced Oat Masala Chai,4b20ca2314d50af8a833d825f8497f0e,704.09,3520.45,0.0022,137.0000,685,0.0038,25.56,584,0.1829,0.0366,2024-12-30,2025-06-29,994.92,4974.62,0.0030,209.4000,1047.0000,0.0054,22.61,867.0000,0.2076,0.0381,-290.83,-0.2923,-1454.17,-0.2923,-0.0009,-0.2879,-72.4000,-0.3457,-362.0000,-0.3458,-0.0016,-0.2988,2.94,0.1301,-283.0000,-0.3264,-0.0247,-0.1189,-0.0015,-0.0388
Butter Chicken Burrito,037d8e4f48a3c66db8eaff8a4770bc84,14599.66,72998.29,0.0447,1184.0000,5920,0.0329,22.42,4640,0.1819,0.0853,2024-12-30,2025-06-29,11415.33,57076.67,0.0347,1010.2000,5051.0000,0.0262,21.49,4130.0000,0.2017,0.0787,3184.32,0.2790,15921.62,0.2790,0.0100,0.2870,173.8000,0.1720,869.0000,0.1720,0.0067,0.2561,0.93,0.0434,510.0000,0.1235,-0.0198,-0.0982,0.0066,0.0840
Samosa Chaat,ed1b49254bb3de73aa66c7b747f245fd,2574.97,12874.84,0.0079,480.0000,2400,0.0133,20.94,1810,0.2036,0.0999,2024-12-30,2025-06-29,2210.97,11054.86,0.0067,408.6000,2043.0000,0.0106,21.09,1620.0000,0.1827,0.0784,364.00,0.1646,1819.98,0.1646,0.0012,0.1719,71.4000,0.1747,357.0000,0.1747,0.0027,0.2588,-0.15,-0.0072,190.0000,0.1173,0.0209,0.1146,0.0215,0.2744
Vanilla Mango Lassi Soft Serve,7d7ff21d8d65e0aec403985229bec204,789.55,3947.75,0.0024,200.2000,1001,0.0056,10.73,633,0.2189,0.0811,2024-12-30,2025-06-29,,,,,,,,,,,,,,,,,,,,,,,,,,,,,,
Wild Kombucha - Ginger,2800f7ea017d47701691d95876ecd531,466.26,2331.30,0.0014,138.6000,693,0.0039,21.62,429,0.2044,0.0511,2024-12-30,2025-06-29,640.52,3202.60,0.0019,134.0000,670.0000,0.0035,24.68,570.0000,0.2105,0.0491,-174.26,-0.2721,-871.30,-0.2721,-0.0005,-0.2675,4.6000,0.0343,23.0000,0.0343,0.0004,0.1085,-3.06,-0.1241,-141.0000,-0.2474,-0.0061,-0.0292,0.0020,0.0401
Aloo Gobhi,d64c6c4491b32b7ee357a93508b45c4f,1369.83,6849.15,0.0042,108.6000,543,0.0030,29.48,459,0.1832,0.0366,2024-12-30,2025-06-29,135.00,675.00,0.0004,10.6000,53.0000,0.0003,,48.0000,0.1458,0.0000,1234.83,9.1469,6174.15,9.1469,0.0038,9.2106,98.0000,9.2453,490.0000,,0.0027,9.9745,,,411.0000,,0.0373,0.2559,0.0366,0.0000
Chocolate Chai Soft Serve,78655f7be72fdfe241f44722d389b9a0,392.40,1962.00,0.0012,118.4000,592,0.0033,8.73,338,0.3073,0.0729,2024-12-30,2025-06-29,,,,,,,,,,,,,,,,,,,,,,,,,,,,,,
Kingfisher,ac4b1052eb1e709f36c70fd1f6f49be8,276.00,828.00,0.0005,61.0000,183,0.0010,28.49,141,0.1319,0.0440,2024-12-30,2025-06-29,322.77,968.30,0.0006,69.6667,209.0000,0.0011,27.85,171.0000,0.1754,0.0351,-46.77,-0.1449,-140.30,-0.1449,-0.0001,-0.1395,-8.6667,-0.1244,-26.0000,-0.1244,-0.0001,-0.0618,0.64,0.0229,-30.0000,-0.1754,-0.0436,-0.2484,0.0089,0.2527
Swirl Soft Serve,5c81ddf65ea7d6a47fd8bbbc27c484aa,233.00,1165.00,0.0007,57.0000,285,0.0016,10.81,185,0.2269,0.0420,2024-12-30,2025-06-29,664.04,3320.20,0.0020,148.4000,742.0000,0.0038,12.80,482.0000,0.2946,0.1349,-431.04,-0.6491,-2155.20,-0.6491,-0.0013,-0.6469,-91.4000,-0.6159,-457.0000,-0.6159,-0.0023,-0.5885,-1.99,-0.1554,-297.0000,-0.6162,-0.0677,-0.2298,-0.0928,-0.6884
Aramark Lamb Bowl,6e3e799a4f29f2f1d4705368c65c296e,8249.81,8249.81,0.0050,500.0000,500,0.0028,,0,0.0000,0.0000,2024-12-30,2025-06-29,3145.97,9437.92,0.0057,190.6667,572.0000,0.0030,,0.0000,0.0000,0.0000,5103.84,1.6223,-1188.11,-0.1259,-0.0007,-0.1204,309.3333,1.6224,-72.0000,-0.1259,-0.0002,-0.0634,,,0.0000,,0.0000,0.0000,0.0000,0.0000
Premium Options Upcharge,d487fb8c91d04496604d78d6feff327c,3885.67,15542.69,0.0095,8.0000,32,0.0002,,8,0.2857,0.1429,2024-12-30,2025-06-29,7300.01,14600.02,0.0089,9.0000,18.0000,0.0001,,7.0000,0.1429,0.0000,-3414.34,-0.4677,942.67,0.0646,0.0006,0.0712,-1.0000,-0.1111,14.0000,,0.0001,0.9140,,,1.0000,,0.1429,1.0000,0.1429,0.0000
Cureate Chicken Bowl,126e8473129e588048f0015e6cb2f377,2198.00,6594.00,0.0040,200.0000,600,0.0033,,0,0.0000,0.0000,2024-12-30,2025-06-29,,,,,,,,,,,,,,,,,,,,,,,,,,,,,,
Side of Sauce,32614679d8cded9c7fb9f39d0de52643,110.16,550.80,0.0003,22.6000,113,0.0006,25.75,96,0.2115,0.0192,2024-12-30,2025-06-29,65.06,325.29,0.0002,14.4000,72.0000,0.0004,,59.0000,0.3051,0.0339,45.10,0.6933,225.51,0.6933,0.0001,0.7039,8.2000,0.5694,41.0000,,0.0003,0.6836,,,37.0000,,-0.0935,-0.3066,-0.0147,-0.4327
Side of Grain,343ce46c5489f43ec64a165e5323783f,130.14,650.70,0.0004,44.6000,223,0.0012,17.35,185,0.2617,0.0748,2024-12-30,2025-06-29,197.04,985.22,0.0006,67.6000,338.0000,0.0018,16.49,225.0000,0.3022,0.1022,-66.90,-0.3395,-334.52,-0.3395,-0.0002,-0.3354,-23.0000,-0.3402,-115.0000,-0.3402,-0.0005,-0.2926,0.86,0.0519,-40.0000,-0.1778,-0.0405,-0.1341,-0.0275,-0.2686
Territory Coconut Curry Chickpeas,56c1e2887ea6a5737fd62057b175a642,559.26,559.26,0.0003,78.0000,78,0.0004,,0,0.0000,0.0000,2024-12-30,2025-06-29,695.49,695.49,0.0004,97.0000,97.0000,0.0005,,0.0000,0.0000,0.0000,-136.23,-0.1959,-136.23,-0.1959,-0.0001,-0.1908,-19.0000,-0.1959,-19.0000,,-0.0001,-0.1372,,,0.0000,,0.0000,0.0000,0.0000,0.0000
Roti,c939c164798efd50698e30c2a594b2d4,18.87,94.35,0.0001,12.8000,64,0.0004,,44,0.1481,0.0741,2024-12-30,2025-06-29,13.98,69.90,0.0000,9.8000,49.0000,0.0003,,42.0000,0.1905,0.0238,4.89,0.3498,24.45,,0.0000,0.3583,3.0000,0.3061,15.0000,,0.0001,0.4016,,,2.0000,,-0.0423,-0.2222,0.0503,2.1110
Mango Lassi,612a2d386edc9534c9b0c2d1c8cb2290,11634.45,58172.25,0.0356,2292.6000,11463,0.0637,23.84,7630,0.2016,0.1168,2024-12-30,2025-06-29,13394.46,66972.29,0.0407,2952.6000,14763.0000,0.0766,29.93,8743.0000,0.2086,0.1273,-1760.01,-0.1314,-8800.04,-0.1314,-0.0051,-0.1259,-660.0000,-0.2235,-3300.0000,-0.2235,-0.0129,-0.1679,-6.09,-0.2034,-1113.0000,-0.1273,-0.0071,-0.0338,-0.0105,-0.0826
Saag Chole,e7b06d260a320ee1e70d9b9577458895,22.50,67.50,0.0000,2.3333,7,0.0000,,5,0.0000,0.0000,2024-12-30,2025-06-29,,,,,,,,,,,,,,,,,,,,,,,,,,,,,,
Paneer Tikka Bowl,1680a4357e2ab3fb482a56d60603525a,14671.30,73356.50,0.0449,1123.6000,5618,0.0312,24.31,4347,0.2083,0.1078,2024-12-30,2025-06-29,14142.83,70714.15,0.0430,1139.0000,5695.0000,0.0295,24.82,4217.0000,0.2217,0.1169,528.47,0.0374,2642.35,0.0374,0.0019,0.0439,-15.4000,-0.0135,-77.0000,-0.0135,0.0017,0.0572,-0.51,-0.0205,130.0000,0.0308,-0.0134,-0.0604,-0.0091,-0.0781
Masala Chai Soft Serve,18e2ad0e6e8d379c6c5cf8f72a9d1cf8,60.90,304.50,0.0002,13.6000,68,0.0004,,61,0.1622,0.0000,2024-12-30,2025-06-29,624.68,3123.38,0.0019,175.6000,878.0000,0.0046,10.54,498.0000,0.2671,0.0803,-563.78,-0.9025,-2818.88,-0.9025,-0.0017,-0.9019,-162.0000,-0.9226,-810.0000,-0.9226,-0.0042,-0.9170,,,-437.0000,-0.8775,-0.1049,-0.3928,-0.0803,-1.0000
USHOR Bowl,25ffdb49a398fa0d4dccb7d664b8f116,12457.50,24915.00,0.0152,830.5000,1661,0.0092,,0,0.0000,0.0000,2024-12-30,2025-06-29,,,,,,,,,,,,,,,,,,,,,,,,,,,,,,
Icaro - Spearmint Yerba Mate,aa7243ca6f400ffe510c9bf89cf96707,212.16,1060.81,0.0006,49.8000,249,0.0014,26.33,224,0.1606,0.0155,2024-12-30,2025-06-29,473.39,2366.96,0.0014,112.0000,560.0000,0.0029,22.53,476.0000,0.1723,0.0399,-261.23,-0.5518,-1306.15,-0.5518,-0.0008,-0.5490,-62.2000,-0.5554,-311.0000,-0.5554,-0.0015,-0.5236,3.79,0.1683,-252.0000,-0.5294,-0.0116,-0.0676,-0.0244,-0.6106
Mumbai Mule,67d1bfb9997e4b071ac784559db138e7,30.00,30.00,0.0000,4.0000,4,0.0000,,4,0.0000,0.0000,2024-12-30,2025-06-29,356.16,1780.82,0.0011,44.8000,224.0000,0.0012,26.05,191.0000,0.1937,0.0366,-326.16,-0.9158,-1750.82,-0.9832,-0.0011,-0.9830,-40.8000,-0.9107,-220.0000,-0.9821,-0.0011,-0.9811,,,-187.0000,-0.9791,-0.1937,-1.0000,-0.0366,-1.0000
White Claw Ruby Grapefruit - Happy Hour,82dbcbcb60bb7e276aa0c7e35acb790c,11.60,11.60,0.0000,3.0000,3,0.0000,,3,1.0000,0.0000,2024-12-30,2025-06-29,52.00,52.00,0.0000,13.0000,13.0000,0.0001,,11.0000,0.1818,0.0000,-40.40,-0.7769,-40.40,,-0.0000,-0.7755,-10.0000,-0.7692,-10.0000,,-0.0001,-0.7463,,,-8.0000,,0.8182,4.5000,0.0000,0.0000
Territory Sesame Peanut Noodle,4b6d98a10d0fb75d660e034ff484a476,1984.42,1984.42,0.0012,317.0000,317,0.0018,,0,0.0000,0.0000,2024-12-30,2025-06-29,1865.48,1865.48,0.0011,298.0000,298.0000,0.0015,,0.0000,0.0000,0.0000,118.94,0.0638,118.94,0.0638,0.0001,0.0704,19.0000,0.0638,19.0000,0.0638,0.0002,0.1397,,,0.0000,,0.0000,0.0000,0.0000,0.0000
Aramark Marriott BYO Spicy Chicken Bowl,648cab9548da70f671a9b6b94b287628,893.22,893.22,0.0005,50.0000,50,0.0003,,0,0.0000,0.0000,2024-12-30,2025-06-29,2246.36,2246.36,0.0014,140.0000,140.0000,0.0007,,0.0000,0.0000,0.0000,-1353.14,-0.6024,-1353.14,-0.6024,-0.0008,-0.5999,-90.0000,-0.6429,-90.0000,-0.6429,-0.0004,-0.6171,,,0.0000,,0.0000,0.0000,0.0000,0.0000
Fooda Mango Lassi,16d077c1dc24a13237efd89715ad75df,21.00,42.00,0.0000,3.5000,7,0.0000,,0,0.0000,0.0000,2024-12-30,2025-06-29,,,,,,,,,,,,,,,,,,,,,,,,,,,,,,
Shutdown Bowl - Chicken,d10e49e5f512ada3eb96b325186e33cd,15.00,30.00,0.0000,1.5000,3,0.0000,,3,0.0000,0.0000,2024-12-30,2025-06-29,,,,,,,,,,,,,,,,,,,,,,,,,,,,,,
Fooda BYO Chicken Bowl,6a9d9d48ff14cc045deb3aed9b611e51,213.30,213.30,0.0001,15.0000,15,0.0001,,0,0.0000,0.0000,2024-12-30,2025-06-29,,,,,,,,,,,,,,,,,,,,,,,,,,,,,,
HUNGRY Sauces,3a80dc4304f5b9925ca7f047514b9796,90.00,90.00,0.0001,5.0000,5,0.0000,,0,0.0000,0.0000,2024-12-30,2025-06-29,140.00,140.00,0.0001,7.0000,7.0000,0.0000,,0.0000,0.0000,0.0000,-50.00,-0.3571,-50.00,-0.3571,-0.0000,-0.3531,-2.0000,-0.2857,-2.0000,,-0.0000,-0.2222,,,0.0000,,0.0000,0.0000,0.0000,0.0000
Chicken Tikka Bowl,19eee3ab8ae56d4fa56ef6ce1485693d,45025.95,225129.73,0.1378,3916.2000,19581,0.1088,19.29,13839,0.2153,0.1253,2024-12-30,2025-06-29,36960.35,184801.73,0.1124,3510.4000,17552.0000,0.0910,18.47,12063.0000,0.2085,0.1126,8065.60,0.2182,40328.00,0.2182,0.0254,0.2259,405.8000,0.1156,2029.0000,0.1156,0.0178,0.1956,0.82,0.0444,1776.0000,0.1472,0.0068,0.0328,0.0127,0.1130
Aramark Chicken Bowl,9cf0f29fbbe6a8aa70f146f26519c16b,30909.86,30909.86,0.0189,2231.0000,2231,0.0124,,0,0.0000,0.0000,2024-12-30,2025-06-29,11932.99,35798.98,0.0218,861.3333,2584.0000,0.0134,,0.0000,0.0000,0.0000,18976.87,1.5903,-4889.12,-0.1366,-0.0029,-0.1312,1369.6667,1.5902,-353.0000,-0.1366,-0.0010,-0.0748,,,0.0000,,0.0000,0.0000,0.0000,0.0000
Territory Spicy Peanut Noodle Bowl,f32b2b8ca579af2c075862176a0ea7a2,2002.32,2002.32,0.0012,216.0000,216,0.0012,,0,0.0000,0.0000,2024-12-30,2025-06-29,3698.73,3698.73,0.0022,399.0000,399.0000,0.0021,,0.0000,0.0000,0.0000,-1696.41,-0.4586,-1696.41,-0.4586,-0.0010,-0.4552,-183.0000,-0.4586,-183.0000,-0.4586,-0.0009,-0.4198,,,0.0000,,0.0000,0.0000,0.0000,0.0000
Tandoori Paneer Burrito,4c8c37c969bd13578ef2d13e11781bd9,4300.97,21504.83,0.0132,339.6000,1698,0.0094,26.05,1376,0.1675,0.0652,2024-12-30,2025-06-29,4343.05,21715.23,0.0132,351.0000,1755.0000,0.0091,25.53,1434.0000,0.1911,0.0614,-42.08,-0.0097,-210.40,-0.0097,-0.0000,-0.0035,-11.4000,-0.0325,-57.0000,-0.0325,0.0003,0.0368,0.52,0.0206,-58.0000,-0.0404,-0.0236,-0.1233,0.0039,0.0627
Burrito,19dfcc1e39e0cab78562faa5ab55adbb,2251.22,11256.10,0.0069,175.4000,877,0.0049,22.96,696,0.2481,0.0987,2024-12-30,2025-06-29,1455.89,7279.46,0.0044,119.0000,595.0000,0.0031,24.20,498.0000,0.2369,0.0462,795.33,0.5463,3976.64,0.5463,0.0025,0.5560,56.4000,0.4739,282.0000,0.4739,0.0018,0.5797,-1.24,-0.0512,198.0000,0.3976,0.0112,0.0471,0.0525,1.1378
Foodworks BYO Bowl,a1ec0aa0b8651adb168fe28e938d8fdd,7056.40,7056.40,0.0043,472.0000,472,0.0026,,0,,,2024-12-30,2025-06-29,,,,,,,,,,,,,,,,,,,,,,,,,,,,,,
Side of Main,03d76c3a768e84f8c0bbad2f13d4188a,675.30,3376.50,0.0021,132.4000,662,0.0037,19.78,471,0.2806,0.0576,2024-12-30,2025-06-29,651.05,3255.23,0.0020,111.8000,559.0000,0.0029,19.10,376.0000,0.2739,0.0984,24.25,0.0373,121.27,0.0373,0.0001,0.0438,20.6000,0.1843,103.0000,0.1843,0.0008,0.2694,0.68,0.0357,95.0000,0.2527,0.0066,0.0242,-0.0408,-0.4151
Cucumber Raita,b6aef261062648a464a75abf3a88d636,321.56,1607.81,0.0010,116.6000,583,0.0032,25.30,457,0.1623,0.0491,2024-12-30,2025-06-29,224.68,1123.42,0.0007,76.8000,384.0000,0.0020,26.09,327.0000,0.2018,0.0550,96.88,0.4312,484.39,0.4312,0.0003,0.4402,39.8000,0.5182,199.0000,0.5182,0.0012,0.6270,-0.79,-0.0304,130.0000,0.3976,-0.0396,-0.1961,-0.0060,-0.1088
Aramark Spicy Chicken Bowl,e5e070ba3de69a0c6db58c04cda5d8f3,20855.97,20855.97,0.0128,1404.0000,1404,0.0078,,0,0.0000,0.0000,2024-12-30,2025-06-29,8066.82,24200.45,0.0147,543.3333,1630.0000,0.0085,,0.0000,0.0000,0.0000,12789.15,1.5854,-3344.48,-0.1382,-0.0020,-0.1328,860.6667,1.5840,-226.0000,-0.1386,-0.0006,-0.0769,,,0.0000,,0.0000,0.0000,0.0000,0.0000
That Fire Hot Sauce (Bottle),7ae3bbc205a3328f25e2d5981234643d,70.20,351.00,0.0002,7.8000,39,0.0002,,33,0.1905,0.0000,2024-12-30,2025-06-29,185.31,926.55,0.0006,21.0000,105.0000,0.0005,,90.0000,0.3111,0.0111,-115.11,-0.6212,-575.55,-0.6212,-0.0003,-0.6188,-13.2000,-0.6286,-66.0000,-0.6286,-0.0003,-0.6018,,,-57.0000,,-0.1206,-0.3878,-0.0111,-1.0000
Eurest Premium Bowl,105e6e46e27685dcafd676eb7f082ec9,6032.13,18096.40,0.0111,374.6667,1124,0.0062,,0,0.0000,0.0000,2024-12-30,2025-06-29,1926.63,5779.90,0.0035,119.6667,359.0000,0.0019,,0.0000,0.0000,0.0000,4105.50,2.1309,12316.50,2.1309,0.0076,2.1506,255.0000,2.1309,765.0000,2.1309,0.0044,2.3555,,,0.0000,,0.0000,0.0000,0.0000,0.0000
Chicken Curry,bd0e970348fd3d0bbb878201f9e6fd93,17.40,87.00,0.0001,1.8000,9,0.0001,,6,0.0000,0.0000,2024-12-30,2025-06-29,,,,,,,,,,,,,,,,,,,,,,,,,,,,,,
Eurest Mango Lassi,d87057232036bef6add8e36635d0fa32,558.00,1674.00,0.0010,93.0000,279,0.0016,,0,0.0000,0.0000,2024-12-30,2025-06-29,,,,,,,,,,,,,,,,,,,,,,,,,,,,,,
Spicy Chili Chicken Bowl,f69c4f89d02ed8113b95711324f0c441,21537.31,107686.54,0.0659,1639.0000,8195,0.0456,22.60,6259,0.2105,0.1001,2024-12-30,2025-06-29,20888.36,104441.81,0.0635,1698.8000,8494.0000,0.0441,22.24,6258.0000,0.2220,0.1024,648.95,0.0311,3244.73,0.0311,0.0024,0.0375,-59.8000,-0.0352,-299.0000,-0.0352,0.0015,0.0340,0.36,0.0164,1.0000,0.0002,-0.0115,-0.0516,-0.0023,-0.0223
Aramark Marriott Avocado,a2d83aafd0b910b46651aa44f6865672,80.00,80.00,0.0000,32.0000,32,0.0002,,0,0.0000,0.0000,2024-12-30,2025-06-29,,,,,,,,,,,,,,,,,,,,,,,,,,,,,,
Cureate Tandoori Paneer Bowl,3376356ad89c194dbaf7fc90d8adb7a5,861.75,2585.25,0.0016,75.0000,225,0.0013,,0,0.0000,0.0000,2024-12-30,2025-06-29,,,,,,,,,,,,,,,,,,,,,,,,,,,,,,
Foodworks BYO Premium Bowl,678fc547ec346b2eab32edfd766b061e,7590.50,7590.50,0.0046,470.0000,470,0.0026,,0,,,2024-12-30,2025-06-29,,,,,,,,,,,,,,,,,,,,,,,,,,,,,,
Territory Coconut Curry Beef,0cfc6c1e1d140ee28906140b54a114ec,1228.40,1228.40,0.0008,148.0000,148,0.0008,,0,0.0000,0.0000,2024-12-30,2025-06-29,1917.30,1917.30,0.0012,231.0000,231.0000,0.0012,,0.0000,0.0000,0.0000,-688.90,-0.3593,-688.90,-0.3593,-0.0004,-0.3553,-83.0000,-0.3593,-83.0000,-0.3593,-0.0004,-0.3130,,,0.0000,,0.0000,0.0000,0.0000,0.0000
Aramark Marriott Extra Harvest Veggies,4295b38b8db3be07ece999d1a27464c6,87.84,87.84,0.0001,24.0000,24,0.0001,,0,0.0000,0.0000,2024-12-30,2025-06-29,,,,,,,,,,,,,,,,,,,,,,,,,,,,,,
Mango Lassi for a Group - 1/2 Gallon,bc0ebb5df716085359764e091b9796a5,100.00,200.00,0.0001,2.0000,4,0.0000,,2,0.0000,0.0000,2024-12-30,2025-06-29,,,,,,,,,,,,,,,,,,,,,,,,,,,,,,
USHOR Masala Chai Cookies,3009562399cc3f531ead0f051c6cd6f1,6.00,6.00,0.0000,2.0000,2,0.0000,,0,0.0000,0.0000,2024-12-30,2025-06-29,,,,,,,,,,,,,,,,,,,,,,,,,,,,,,
Mini Samosas,adb32f1bdc98ccdf3a40e53c1eb1948f,4212.79,21063.94,0.0129,1737.6000,8688,0.0483,21.05,6006,0.2148,0.1057,2024-12-30,2025-06-29,4738.17,23690.86,0.0144,1876.6000,9383.0000,0.0487,22.02,6386.0000,0.2155,0.1001,-525.38,-0.1109,-2626.92,-0.1109,-0.0015,-0.1053,-139.0000,-0.0741,-695.0000,-0.0741,-0.0004,-0.0077,-0.97,-0.0441,-380.0000,-0.0595,-0.0006,-0.0030,0.0057,0.0567
Territory Spiced Sweet Potato,8225388c3fe824cb6d91feda36d711cb,2456.75,2456.75,0.0015,317.0000,317,0.0018,,0,0.0000,0.0000,2024-12-30,2025-06-29,3913.75,3913.75,0.0024,505.0000,505.0000,0.0026,,0.0000,0.0000,0.0000,-1457.00,-0.3723,-1457.00,-0.3723,-0.0009,-0.3683,-188.0000,-0.3723,-188.0000,-0.3723,-0.0009,-0.3272,,,0.0000,,0.0000,0.0000,0.0000,0.0000
Naan,29f3e38343ae99ac5524ed1ddb2b1d6e,2488.69,12443.43,0.0076,1083.6000,5418,0.0301,23.51,3811,0.1986,0.0827,2024-12-30,2025-06-29,1789.59,8947.97,0.0054,887.6000,4438.0000,0.0230,22.89,3101.0000,0.2061,0.0896,699.09,0.3906,3495.46,0.3906,0.0022,0.3994,196.0000,0.2208,980.0000,0.2208,0.0071,0.3083,0.62,0.0272,710.0000,0.2290,-0.0074,-0.0360,-0.0070,-0.0776
DC Brau Pils,2a37fc9d4800d991427805654631c096,168.80,844.00,0.0005,30.6000,153,0.0008,24.75,134,0.0741,0.0247,2024-12-30,2025-06-29,226.69,1133.45,0.0007,39.4000,197.0000,0.0010,28.04,161.0000,0.1429,0.0248,-57.89,-0.2554,-289.45,-0.2554,-0.0002,-0.2507,-8.8000,-0.2234,-44.0000,-0.2233,-0.0002,-0.1683,-3.29,-0.1174,-27.0000,-0.1677,-0.0688,-0.4815,-0.0002,-0.0062
Bag,f6b5ab5a96e017f867590689d1e594a0,1.66,6.65,0.0000,167.5000,670,0.0037,19.60,611,0.3323,0.0419,2024-12-30,2025-06-29,-0.10,-0.50,-0.0000,5.2000,26.0000,0.0001,,23.0000,0.2174,0.0000,1.76,-17.6250,7.15,,0.0000,-14.3835,162.3000,31.2115,644.0000,,0.0036,26.5852,,,588.0000,,0.1149,0.5287,0.0419,0.0000
HUNGRY Grains,b67b1b2b7a9bd2b0c3164da711efaaf0,355.00,355.00,0.0002,17.0000,17,0.0001,,0,0.0000,0.0000,2024-12-30,2025-06-29,560.00,560.00,0.0003,32.0000,32.0000,0.0002,,0.0000,0.0000,0.0000,-205.00,-0.3661,-205.00,-0.3661,-0.0001,-0.3621,-15.0000,-0.4688,-15.0000,,-0.0001,-0.4337,,,0.0000,,0.0000,0.0000,0.0000,0.0000
Olipop - Cola,4d0b025abdd9a6e15ab6db940ec09ec9,692.77,3463.87,0.0021,193.6000,968,0.0054,24.14,846,0.1653,0.0323,2024-12-30,2025-06-29,,,,,,,,,,,,,,,,,,,,,,,,,,,,,,
White Claw Ruby Grapefruit,05177b7de4ad14b1affb6d7163cd33cf,97.00,97.00,0.0001,21.0000,21,0.0001,,20,0.1176,0.0588,2024-12-30,2025-06-29,85.00,85.00,0.0001,19.0000,19.0000,0.0001,,18.0000,0.2778,0.0000,12.00,0.1412,12.00,,0.0000,0.1483,2.0000,0.1053,2.0000,,0.0000,0.1818,,,2.0000,,-0.1601,-0.5765,0.0588,0.0000
DC Brau Pils - Happy Hour,6eff876287b368b130bd4f615e77a9d7,92.00,92.00,0.0001,24.0000,24,0.0001,,19,0.2500,0.0000,2024-12-30,2025-06-29,83.40,83.40,0.0001,21.0000,21.0000,0.0001,,17.0000,0.1765,0.1176,8.60,0.1031,8.60,,0.0000,0.1100,3.0000,0.1429,3.0000,,0.0000,0.2202,,,2.0000,,0.0735,0.4167,-0.1176,-1.0000
LaCroix - Grapefruit,f4c503509996a4d89dcff32e616b5b80,34.20,102.60,0.0001,12.3333,37,0.0002,,33,0.0938,0.0312,2024-12-30,2025-06-29,61.06,244.24,0.0001,22.2500,89.0000,0.0005,,76.0000,0.2895,0.0658,-26.86,-0.4399,-141.64,-0.5799,-0.0001,-0.5773,-9.9167,-0.4457,-52.0000,,-0.0003,-0.5541,,,-43.0000,,-0.1957,-0.6761,-0.0345,-0.5250
Territory Chickpea Bowl with Lemon Rice,f5d681c41318115585992251efa9ac4c,956.08,956.08,0.0006,148.0000,148,0.0008,,0,0.0000,0.0000,2024-12-30,2025-06-29,3824.32,3824.32,0.0023,592.0000,592.0000,0.0031,,0.0000,0.0000,0.0000,-2868.24,-0.7500,-2868.24,-0.7500,-0.0017,-0.7484,-444.0000,-0.7500,-444.0000,-0.7500,-0.0022,-0.7320,,,0.0000,,0.0000,0.0000,0.0000,0.0000
Guest Services BYO Paneer Bowl,d2de8bbb76a8397561fe930e2ae89d4f,974.64,974.64,0.0006,62.0000,62,0.0003,,0,0.0000,0.0000,2024-12-30,2025-06-29,,,,,,,,,,,,,,,,,,,,,,,,,,,,,,
Aramark Marriott Tandoori Paneer Bowl,3f8951b8e0b2a47d7de013a64ea174a2,2007.04,2007.04,0.0012,128.0000,128,0.0007,,0,0.0000,0.0000,2024-12-30,2025-06-29,1666.26,3332.51,0.0020,107.0000,214.0000,0.0011,,0.0000,0.0000,0.0000,340.78,0.2045,-1325.47,-0.3977,-0.0008,-0.3940,21.0000,0.1963,-86.0000,-0.4019,-0.0004,-0.3595,,,0.0000,,0.0000,0.0000,0.0000,0.0000
Aramark Harvest Vegetables Bowl,9688e7194cb1feea9d2b1d125e3ac3c5,928.40,928.40,0.0006,67.0000,67,0.0004,,0,0.0000,0.0000,2024-12-30,2025-06-29,1356.60,2713.20,0.0017,98.0000,196.0000,0.0010,,0.0000,0.0000,0.0000,-428.20,-0.3156,-1784.80,-0.6578,-0.0011,-0.6557,-31.0000,-0.3163,-129.0000,-0.6582,-0.0006,-0.6342,,,0.0000,,0.0000,0.0000,0.0000,0.0000
Aramark Marriott Extra Spicy Chicken,3c2fceeb1e4c49958990d4b1194d4f52,21.96,21.96,0.0000,4.0000,4,0.0000,,0,0.0000,0.0000,2024-12-30,2025-06-29,,,,,,,,,,,,,,,,,,,,,,,,,,,,,,
Lamb Kofta Korma,862bcdd46106196d86cd2e9bbbd63bc2,33.00,66.00,0.0000,2.0000,4,0.0000,,4,0.0000,0.0000,2024-12-30,2025-06-29,,,,,,,,,,,,,,,,,,,,,,,,,,,,,,
Nutrl Lime,a55d75d57ecf4b0fac12d656a25c4d27,20.00,20.00,0.0000,4.0000,4,0.0000,,4,,,2024-12-30,2025-06-29,,,,,,,,,,,,,,,,,,,,,,,,,,,,,,
Nutrl Strawberry,6b78379f1dc8624cf4c9e5298481fce6,30.00,30.00,0.0000,6.0000,6,0.0000,,3,,,2024-12-30,2025-06-29,,,,,,,,,,,,,,,,,,,,,,,,,,,,,,
Aramark Marriott BYO Paneer Bowl,81da1b5041227673c152619e9e47bd0f,424.44,424.44,0.0003,27.0000,27,0.0001,,0,0.0000,0.0000,2024-12-30,2025-06-29,705.36,705.36,0.0004,45.0000,45.0000,0.0002,,0.0000,0.0000,0.0000,-280.92,-0.3983,-280.92,-0.3983,-0.0002,-0.3945,-18.0000,-0.4000,-18.0000,,-0.0001,-0.3562,,,0.0000,,0.0000,0.0000,0.0000,0.0000
Eurest APL Mango Lassi,9a0bf59a4b9db1793f64f61415b8c75f,81.12,81.12,0.0000,13.0000,13,0.0001,,0,0.0000,0.0000,2024-12-30,2025-06-29,,,,,,,,,,,,,,,,,,,,,,,,,,,,,,
Samosa Trays,c9ee468eff9c16101eb4b29cad6c5048,31.08,93.25,0.0001,1.3333,4,0.0000,,2,0.0000,0.0000,2024-12-30,2025-06-29,63.77,127.55,0.0001,2.0000,4.0000,0.0000,,3.0000,0.3333,0.0000,-32.69,-0.5126,-34.30,-0.2689,-0.0000,-0.2643,-0.6667,-0.3333,0.0000,,0.0000,0.0476,,,-1.0000,,-0.3333,-1.0000,0.0000,0.0000
Borsao Granache Bottle,74885164beb64a214972d57a98f4bfb9,42.00,84.00,0.0001,1.5000,3,0.0000,,3,0.5000,0.0000,2024-12-30,2025-06-29,60.61,181.83,0.0001,2.3333,7.0000,0.0000,,7.0000,0.1429,0.0000,-18.61,-0.3070,-97.83,-0.5380,-0.0001,-0.5351,-0.8333,-0.3571,-4.0000,,-0.0000,-0.5278,,,-4.0000,,0.3571,2.5000,0.0000,0.0000
Saag Paneer,b2e5e331828a4748468e0853ec4d1f52,3990.75,19953.73,0.0122,317.2000,1586,0.0088,26.97,1293,0.1982,0.0626,2024-12-30,2025-06-29,317.66,1588.28,0.0010,24.8000,124.0000,0.0006,29.22,113.0000,0.2124,0.0177,3673.09,11.5631,18365.45,11.5631,0.0112,11.6420,292.4000,11.7903,1462.0000,11.7903,0.0082,12.7107,-2.25,-0.0771,1180.0000,10.4425,-0.0142,-0.0669,0.0449,2.5358
Masala Chai - Oat Milk,d1d6cda5119313e3fecde5947361fe9f,393.90,1969.50,0.0012,84.6000,423,0.0024,21.86,342,0.1787,0.0511,2024-12-30,2025-06-29,491.95,2459.76,0.0015,137.6000,688.0000,0.0036,19.37,465.0000,0.2366,0.0323,-98.05,-0.1993,-490.26,-0.1993,-0.0003,-0.1943,-53.0000,-0.3852,-265.0000,-0.3852,-0.0012,-0.3413,2.49,0.1284,-123.0000,-0.2645,-0.0578,-0.2445,0.0188,0.5830
Spindrift - Lemon,9c741ccf6f8529297f729b75ce83a4f6,658.68,3293.42,0.0020,238.8000,1194,0.0066,23.36,963,0.2069,0.0780,2024-12-30,2025-06-29,814.68,4073.39,0.0025,289.6000,1448.0000,0.0075,22.30,1185.0000,0.1840,0.0540,-155.99,-0.1915,-779.97,-0.1915,-0.0005,-0.1864,-50.8000,-0.1754,-254.0000,-0.1754,-0.0009,-0.1162,1.06,0.0478,-222.0000,-0.1873,0.0229,0.1246,0.0240,0.4450
Wild Kombucha - Mango Peach,c5637f01dae60eb3ac82016ed498641e,531.60,2658.00,0.0016,123.6000,618,0.0034,24.49,496,0.1596,0.0426,2024-12-30,2025-06-29,829.33,4146.66,0.0025,169.8000,849.0000,0.0044,25.67,738.0000,0.2127,0.0556,-297.73,-0.3590,-1488.66,-0.3590,-0.0009,-0.3550,-46.2000,-0.2721,-231.0000,-0.2721,-0.0010,-0.2200,-1.18,-0.0460,-242.0000,-0.3279,-0.0532,-0.2499,-0.0130,-0.2341
Sweet Cardamom Yogurt,ce73831089aa1e7767f4bbc5146ccd31,380.02,1900.11,0.0012,119.8000,599,0.0033,20.71,459,0.2644,0.0651,2024-12-30,2025-06-29,444.42,2222.09,0.0014,155.8000,779.0000,0.0040,17.77,559.0000,0.2504,0.1038,-64.40,-0.1449,-321.98,-0.1449,-0.0002,-0.1395,-36.0000,-0.2311,-180.0000,-0.2311,-0.0007,-0.1757,2.94,0.1653,-100.0000,-0.1789,0.0139,0.0556,-0.0386,-0.3722
Maine Root Fountain Soda,53b139407870a7205e24a64b2ccf9eb2,2117.87,10589.35,0.0065,669.4000,3347,0.0186,22.79,2622,0.1568,0.0631,2024-12-30,2025-06-29,,,,,,,,,,,,,,,,,,,,,,,,,,,,,,
Greens + Grains Bowl,3a65db2934efc6fe92bd7535047b7ae0,7337.88,36689.42,0.0225,572.6000,2863,0.0159,19.21,2117,0.2941,0.1298,2024-12-30,2025-06-29,11459.79,57298.94,0.0349,930.2000,4651.0000,0.0241,18.55,3287.0000,0.2695,0.1132,-4121.90,-0.3597,-20609.52,-0.3597,-0.0124,-0.3557,-357.6000,-0.3844,-1788.0000,-0.3844,-0.0082,-0.3403,0.66,0.0355,-1170.0000,-0.3559,0.0245,0.0910,0.0166,0.1470
Strawberry Lassi,6c09d93c3dca4c4768fd5830f10d2afb,1553.21,7766.04,0.0048,340.6000,1703,0.0095,20.68,1238,0.2968,0.0946,2024-12-30,2025-06-29,,,,,,,,,,,,,,,,,,,,,,,,,,,,,,
Side of Veggie,2bf13144a231acbd18bd6f39bace242a,250.10,1250.50,0.0008,51.8000,259,0.0014,23.37,209,0.2636,0.0775,2024-12-30,2025-06-29,331.20,1656.02,0.0010,66.0000,330.0000,0.0017,22.34,183.0000,0.3443,0.1148,-81.10,-0.2449,-405.52,-0.2449,-0.0002,-0.2401,-14.2000,-0.2152,-71.0000,-0.2152,-0.0003,-0.1589,1.04,0.0464,26.0000,0.1421,-0.0807,-0.2344,-0.0372,-0.3245
LaCroix - Lime,faf62b12fed0aaa5f2949360cbaacec8,79.80,79.80,0.0000,28.0000,28,0.0002,,28,0.1481,0.0000,2024-12-30,2025-06-29,58.34,233.36,0.0001,21.0000,84.0000,0.0004,,76.0000,0.2500,0.0263,21.46,0.3678,-153.56,-0.6580,-0.0001,-0.6559,7.0000,0.3333,-56.0000,,-0.0003,-0.6422,,,-48.0000,,-0.1019,-0.4074,-0.0263,-1.0000
Aramark Marriott Spicy Chicken Avocado Bowl,38831841fd381a255fd8bf9341f2faae,2680.35,2680.35,0.0016,167.0000,167,0.0009,,0,0.0000,0.0000,2024-12-30,2025-06-29,,,,,,,,,,,,,,,,,,,,,,,,,,,,,,
USHOR Mango Lassi,08d5196165a772f3132e80aadba27b4d,303.00,606.00,0.0004,50.5000,101,0.0006,,0,0.0000,0.0000,2024-12-30,2025-06-29,,,,,,,,,,,,,,,,,,,,,,,,,,,,,,
Rupee Lager - Happy Hour,e5b7681af668fbee4cf2e8ebbef422ac,132.00,132.00,0.0001,22.0000,22,0.0001,,20,0.2500,0.0000,2024-12-30,2025-06-29,279.40,279.40,0.0002,47.0000,47.0000,0.0002,,38.0000,0.1053,0.0000,-147.40,-0.5276,-147.40,-0.5276,-0.0001,-0.5246,-25.0000,-0.5319,-25.0000,,-0.0001,-0.5000,,,-18.0000,,0.1447,1.3750,0.0000,0.0000
Fooda Aramark Eurest Masala Chai Cookies,99f7266c90ada61b8b7d53f6da93de65,100.00,500.00,0.0003,40.0000,200,0.0011,,0,0.0000,0.0000,2024-12-30,2025-06-29,38.33,115.00,0.0001,15.3333,46.0000,0.0002,,0.0000,0.0000,0.0000,61.67,1.6087,385.00,3.3478,0.0002,3.3751,24.6667,1.6087,154.0000,,0.0009,3.6527,,,0.0000,,0.0000,0.0000,0.0000,0.0000
Territory Ginger Curry Beef with Lemon Rice,038d29e5df63b8025e2c131c47b2cca1,2068.56,2068.56,0.0013,234.0000,234,0.0013,,0,0.0000,0.0000,2024-12-30,2025-06-29,2263.04,2263.04,0.0014,256.0000,256.0000,0.0013,,0.0000,0.0000,0.0000,-194.48,-0.0859,-194.48,-0.0859,-0.0001,-0.0802,-22.0000,-0.0859,-22.0000,-0.0859,-0.0000,-0.0203,,,0.0000,,0.0000,0.0000,0.0000,0.0000
Cureate Harvest Vegetables Bowl,fbc775834bc10f32cf904d5c3cf8ed5a,934.15,934.15,0.0006,85.0000,85,0.0005,,0,,,2024-12-30,2025-06-29,,,,,,,,,,,,,,,,,,,,,,,,,,,,,,
Guest Services BYO Harvest Veg Bowl,f84508232388acd0484e9dc5bf83972b,554.58,554.58,0.0003,39.0000,39,0.0002,,0,0.0000,0.0000,2024-12-30,2025-06-29,,,,,,,,,,,,,,,,,,,,,,,,,,,,,,
Cureate Spicy Chili Chicken Bowl,6d620f02582697b83c280be892135ddc,2106.50,6319.50,0.0039,183.3333,550,0.0031,,0,0.0000,0.0000,2024-12-30,2025-06-29,,,,,,,,,,,,,,,,,,,,,,,,,,,,,,
Spiked Lassi - Happy Hour,8582d04a830359502c418c9cf3545971,75.00,75.00,0.0000,15.0000,15,0.0001,,10,0.0000,0.0000,2024-12-30,2025-06-29,383.50,383.50,0.0002,77.0000,77.0000,0.0004,,60.0000,0.1333,0.0000,-308.50,-0.8044,-308.50,-0.8044,-0.0002,-0.8032,-62.0000,-0.8052,-62.0000,,-0.0003,-0.7920,,,-50.0000,,-0.1333,-1.0000,0.0000,0.0000
Fooda Chicken Curry Bowl,d0496ae63ea7b01cfe23225e5a1fbb82,21.33,42.66,0.0000,1.5000,3,0.0000,,0,0.0000,0.0000,2024-12-30,2025-06-29,,,,,,,,,,,,,,,,,,,,,,,,,,,,,,
Eurest APL Cookies,876494b245991dc3f32332f4d0040317,28.60,28.60,0.0000,11.0000,11,0.0001,,0,0.0000,0.0000,2024-12-30,2025-06-29,,,,,,,,,,,,,,,,,,,,,,,,,,,,,,
HUNGRY Chutneys + Dressings,891121449b5ee0d83dcf43d35180c4fa,100.00,100.00,0.0001,10.0000,10,0.0001,,0,0.0000,0.0000,2024-12-30,2025-06-29,176.00,176.00,0.0001,11.0000,11.0000,0.0001,,0.0000,0.0000,0.0000,-76.00,-0.4318,-76.00,-0.4318,-0.0000,-0.4283,-1.0000,-0.0909,-1.0000,,-0.0000,-0.0175,,,0.0000,,0.0000,0.0000,0.0000,0.0000
Lamb Kebab Bowl,e67440b5f094175ee64ce831322fe016,9634.16,48170.79,0.0295,711.0000,3555,0.0198,24.59,2872,0.1980,0.0650,2024-12-30,2025-06-29,9564.63,47823.16,0.0291,752.0000,3760.0000,0.0195,23.75,3057.0000,0.1940,0.0533,69.53,0.0073,347.63,0.0073,0.0004,0.0136,-41.0000,-0.0545,-205.0000,-0.0545,0.0003,0.0132,0.84,0.0353,-185.0000,-0.0605,0.0040,0.0209,0.0117,0.2198
Mango Lassi Soft Serve,5fcf149c10ea2c92c14aac3f08472cf1,217.50,870.00,0.0005,48.5000,194,0.0011,14.92,137,0.2088,0.0110,2024-12-30,2025-06-29,1720.56,8602.81,0.0052,437.0000,2185.0000,0.0113,13.07,1343.0000,0.2301,0.0767,-1503.06,-0.8736,-7732.81,-0.8989,-0.0047,-0.8982,-388.5000,-0.8890,-1991.0000,-0.9112,-0.0103,-0.9049,1.85,0.1412,-1206.0000,-0.8980,-0.0213,-0.0925,-0.0657,-0.8567
Salad Bowl,12e1c60082e99443f0803dea36bcfd1e,1815.46,9077.31,0.0056,140.6000,703,0.0039,18.33,516,0.3714,0.1179,2024-12-30,2025-06-29,1810.74,9053.72,0.0055,144.0000,720.0000,0.0037,19.34,556.0000,0.3633,0.0935,4.72,0.0026,23.59,0.0026,0.0000,0.0089,-3.4000,-0.0236,-17.0000,-0.0236,0.0002,0.0466,-1.00,-0.0517,-40.0000,-0.0719,0.0081,0.0224,0.0243,0.2602
Chicken Tikka Burrito,0ce9930d26d4eadb01c2e82930e01443,278.85,1394.26,0.0009,25.4000,127,0.0007,21.32,99,0.3538,0.0154,2024-12-30,2025-06-29,6834.34,34171.70,0.0208,616.0000,3080.0000,0.0160,20.60,2559.0000,0.1958,0.0492,-6555.49,-0.9592,-32777.44,-0.9592,-0.0199,-0.9589,-590.6000,-0.9588,-2953.0000,-0.9588,-0.0153,-0.9558,0.72,0.0349,-2460.0000,-0.9613,0.1581,0.8074,-0.0339,-0.6875
Open Water Sparkling Water,bd334657d0647a944bf877236ce1ddf7,263.64,1318.20,0.0008,108.6000,543,0.0030,19.14,368,0.2388,0.1194,2024-12-30,2025-06-29,,,,,,,,,,,,,,,,,,,,,,,,,,,,,,
Aramark Marriott Chicken Tikka Masala,8d5b32e1a1ac90d72c43a4bce72bae6d,5247.18,5247.18,0.0032,369.0000,369,0.0021,,0,0.0000,0.0000,2024-12-30,2025-06-29,7363.60,7363.60,0.0045,518.0000,518.0000,0.0027,,0.0000,0.0000,0.0000,-2116.42,-0.2874,-2116.42,-0.2874,-0.0013,-0.2829,-149.0000,-0.2876,-149.0000,-0.2876,-0.0006,-0.2367,,,0.0000,,0.0000,0.0000,0.0000,0.0000
Open Water Still Water,924a62abf03e0973f0882c9bc80cf78d,888.77,4443.85,0.0027,331.4000,1657,0.0092,20.21,1248,0.1896,0.0596,2024-12-30,2025-06-29,,,,,,,,,,,,,,,,,,,,,,,,,,,,,,
That Fire Hot Sauce - Side,14e40e9f01921c00a883fd7cd5d5130f,10.30,51.50,0.0000,21.2000,106,0.0006,,76,0.2400,0.0400,2024-12-30,2025-06-29,4.16,20.81,0.0000,8.8000,44.0000,0.0002,,25.0000,0.4400,0.1200,6.14,1.4748,30.69,,0.0000,1.4903,12.4000,1.4091,62.0000,,0.0004,1.5833,,,51.0000,,-0.2000,-0.4545,-0.0800,-0.6667
Aramark Marriott Extra Chicken,6af59d4f9e1522a48fc4d6daeb9f8b03,25.62,25.62,0.0000,7.0000,7,0.0000,,0,0.0000,0.0000,2024-12-30,2025-06-29,18.30,18.30,0.0000,5.0000,5.0000,0.0000,,0.0000,0.0000,0.0000,7.32,0.4000,7.32,,0.0000,0.4088,2.0000,0.4000,2.0000,,0.0000,0.5000,,,0.0000,,0.0000,0.0000,0.0000,0.0000
Spiked Lassi,848bdd83bf207aa9ceca2927f4112998,176.00,704.00,0.0004,22.0000,88,0.0005,,67,0.0426,0.0213,2024-12-30,2025-06-29,593.32,2966.58,0.0018,74.4000,372.0000,0.0019,35.29,292.0000,0.1575,0.0411,-417.32,-0.7034,-2262.58,-0.7627,-0.0014,-0.7612,-52.4000,-0.7043,-284.0000,-0.7634,-0.0014,-0.7465,,,-225.0000,-0.7705,-0.1150,-0.7299,-0.0198,-0.4823
HUNGRY BYO Chicken Tikka Bowl,98f78c1284b00cc23dfc5cd33cdba7a8,8579.00,8579.00,0.0053,746.0000,746,0.0041,,0,0.0000,0.0000,2024-12-30,2025-06-29,315.00,315.00,0.0002,30.0000,30.0000,0.0002,,0.0000,0.0000,0.0000,8264.00,26.2349,8264.00,26.2349,0.0051,26.4059,716.0000,23.8667,716.0000,,0.0040,25.5833,,,0.0000,,0.0000,0.0000,0.0000,0.0000
Territory Spiced Beef and Chickpea Bowl,8970e7f3fd1aa52d192ea89f6ef5bc79,824.18,824.18,0.0005,98.0000,98,0.0005,,0,0.0000,0.0000,2024-12-30,2025-06-29,521.42,521.42,0.0003,62.0000,62.0000,0.0003,,0.0000,0.0000,0.0000,302.76,0.5806,302.76,0.5806,0.0002,0.5906,36.0000,0.5806,36.0000,,0.0002,0.6925,,,0.0000,,0.0000,0.0000,0.0000,0.0000
Guest Services BYO Chicken Bowl,5e07490fff2518f996df46e6150467f9,5474.70,5474.70,0.0034,385.0000,385,0.0021,,0,0.0000,0.0000,2024-12-30,2025-06-29,,,,,,,,,,,,,,,,,,,,,,,,,,,,,,
Fooda BYO Spicy Chicken Bowl,d57068bad83608be4c4db9cf12245384,104.33,208.65,0.0001,6.5000,13,0.0001,,0,0.0000,0.0000,2024-12-30,2025-06-29,,,,,,,,,,,,,,,,,,,,,,,,,,,,,,
Eurest APL Double Protein,f93b5c2041a8beb0952ef3dd9b04455d,109.00,218.00,0.0001,6.0000,12,0.0001,,0,0.0000,0.0000,2024-12-30,2025-06-29,,,,,,,,,,,,,,,,,,,,,,,,,,,,,,
Coconut Veggie Curry,1db87b95359c565a71844665aa04df83,13.50,40.50,0.0000,1.0000,3,0.0000,,3,0.0000,0.0000,2024-12-30,2025-06-29,,,,,,,,,,,,,,,,,,,,,,,,,,,,,,
Fooda BYO Harvest Veg Bowl,4ae96dd6ccff77096adc6e5e28034897,28.44,56.88,0.0000,2.0000,4,0.0000,,0,0.0000,0.0000,2024-12-30,2025-06-29,,,,,,,,,,,,,,,,,,,,,,,,,,,,,,
Territory Ginger Curry Beef with Supergrains,926269fff309d3493adcd0c3c74f4f9e,81.20,81.20,0.0000,10.0000,10,0.0001,,0,0.0000,0.0000,2024-12-30,2025-06-29,470.96,470.96,0.0003,58.0000,58.0000,0.0003,,0.0000,0.0000,0.0000,-389.76,-0.8276,-389.76,-0.8276,-0.0002,-0.8265,-48.0000,-0.8276,-48.0000,,-0.0002,-0.8140,,,0.0000,,0.0000,0.0000,0.0000,0.0000
Butter Chicken,9c31e042dca639957d77cf56d13f5e1d,12307.54,61537.71,0.0377,884.8000,4424,0.0246,26.83,3649,0.1441,0.0595,2024-12-30,2025-06-29,791.31,3956.55,0.0024,56.2000,281.0000,0.0015,29.99,251.0000,0.1514,0.0558,11516.23,14.5534,57581.16,14.5534,0.0353,14.6510,828.6000,14.7438,4143.0000,14.7438,0.0231,15.8778,-3.17,-0.1056,3398.0000,13.5378,-0.0073,-0.0481,0.0037,0.0669
Chicken Tikka + Avocado Salad,0728e0a55ce8f942b4f93af58819db09,6780.93,33904.64,0.0208,493.4000,2467,0.0137,24.65,1873,0.1976,0.0918,2024-12-30,2025-06-29,7503.12,37515.62,0.0228,601.0000,3005.0000,0.0156,22.96,2430.0000,0.1877,0.0765,-722.20,-0.0963,-3610.98,-0.0963,-0.0021,-0.0906,-107.6000,-0.1790,-538.0000,-0.1790,-0.0019,-0.1202,1.69,0.0736,-557.0000,-0.2292,0.0099,0.0529,0.0153,0.1998
Olipop - Root Beer,c16064aeb99eec0b8f7e38e0536ef4cd,65.62,262.50,0.0002,20.5000,82,0.0005,,69,0.2388,0.0149,2024-12-30,2025-06-29,738.71,3693.55,0.0022,207.4000,1037.0000,0.0054,25.18,926.0000,0.1674,0.0421,-673.08,-0.9112,-3431.05,-0.9289,-0.0021,-0.9285,-186.9000,-0.9012,-955.0000,-0.9209,-0.0049,-0.9152,,,-857.0000,-0.9255,0.0714,0.4267,-0.0272,-0.6456
Paneer Butter Masala,529fd125fd5bc47236ae9c0242d971ee,2821.40,14107.00,0.0086,225.8000,1129,0.0063,28.48,937,0.1599,0.0390,2024-12-30,2025-06-29,277.21,1386.05,0.0008,23.0000,115.0000,0.0006,27.93,95.0000,0.1684,0.0421,2544.19,9.1778,12720.95,9.1778,0.0078,9.2417,202.8000,8.8174,1014.0000,8.8174,0.0057,9.5302,0.54,0.0194,842.0000,,-0.0086,-0.0509,-0.0031,-0.0730
Rupee Lager,c9498895e746193d9ea035f9a81c3e40,620.25,2481.00,0.0015,87.5000,350,0.0019,27.06,288,0.1439,0.0216,2024-12-30,2025-06-29,1006.93,4027.74,0.0024,137.0000,548.0000,0.0028,38.87,309.0000,0.0971,0.0324,-386.68,-0.3840,-1546.74,-0.3840,-0.0009,-0.3802,-49.5000,-0.3613,-198.0000,-0.3613,-0.0009,-0.3156,-11.82,-0.3040,-21.0000,-0.0680,0.0468,0.4820,-0.0108,-0.3331
Eurest Bowl,2c5fee8f12e4c6db066ecb2b6fa01598,6441.00,19323.00,0.0118,452.0000,1356,0.0075,,0,0.0000,0.0000,2024-12-30,2025-06-29,2023.50,6070.50,0.0037,142.0000,426.0000,0.0022,,0.0000,0.0000,0.0000,4417.50,2.1831,13252.50,2.1831,0.0081,2.2031,310.0000,2.1831,930.0000,2.1831,0.0053,2.4104,,,0.0000,,0.0000,0.0000,0.0000,0.0000
Sixpoint Bengali IPA,fccad93ac8445f7de26a4583bcaf8796,163.00,326.00,0.0002,29.5000,59,0.0003,,48,0.1250,0.1250,2024-12-30,2025-06-29,306.37,919.12,0.0006,57.0000,171.0000,0.0009,26.40,145.0000,0.1793,0.0483,-143.37,-0.4680,-593.12,-0.6453,-0.0004,-0.6431,-27.5000,-0.4825,-112.0000,-0.6550,-0.0006,-0.6302,,,-97.0000,-0.6690,-0.0543,-0.3029,0.0767,1.5893
Pick 2 Combo Plate,d12f9ec63617f8719dc1657b8e76514e,1362.60,6813.02,0.0042,94.0000,470,0.0026,27.30,422,0.2069,0.0345,2024-12-30,2025-06-29,,,,,,,,,,,,,,,,,,,,,,,,,,,,,,
Harvest Chicken Bowl,9fc12ff30ff414536e6f6d0bf1d8c0ef,155.19,775.95,0.0005,17.2000,86,0.0005,,61,0.3333,0.0000,2024-12-30,2025-06-29,4462.76,22313.81,0.0136,366.4000,1832.0000,0.0095,22.78,1558.0000,0.2054,0.0578,-4307.57,-0.9652,-21537.86,-0.9652,-0.0131,-0.9650,-349.2000,-0.9531,-1746.0000,-0.9531,-0.0090,-0.9497,,,-1497.0000,-0.9608,0.1279,0.6229,-0.0578,-1.0000
Indaba Sauvignon Blanc-gl,c95747c2f48508d23228980862fbc7ec,49.80,249.00,0.0002,7.2000,36,0.0002,,32,0.1538,0.0000,2024-12-30,2025-06-29,92.20,368.80,0.0002,13.7500,55.0000,0.0003,,46.0000,0.0652,0.0217,-42.40,-0.4599,-119.80,-0.3248,-0.0001,-0.3206,-6.5500,-0.4764,-19.0000,,-0.0001,-0.2982,,,-14.0000,,0.0886,1.3590,-0.0217,-1.0000
Eurest Double Protein Bowl,70ada3482a674616079f490abacaeb54,732.00,2196.00,0.0013,40.6667,122,0.0007,,0,0.0000,0.0000,2024-12-30,2025-06-29,,,,,,,,,,,,,,,,,,,,,,,,,,,,,,
White Claw Black Cherry,38b9ffa29cdac00821757c471bef44e2,79.00,79.00,0.0000,17.0000,17,0.0001,,15,0.3750,0.1250,2024-12-30,2025-06-29,166.50,166.50,0.0001,37.0000,37.0000,0.0002,,31.0000,0.3226,0.0000,-87.50,-0.5255,-87.50,-0.5255,-0.0001,-0.5225,-20.0000,-0.5405,-20.0000,,-0.0001,-0.5104,,,-16.0000,,0.0524,0.1625,0.1250,0.0000
Homemade Juice,d6f19fa56665e191989db7a893806ea1,3916.04,19580.21,0.0120,1271.8000,6359,0.0353,21.75,4587,0.2082,0.1079,2024-12-30,2025-06-29,6226.72,31133.62,0.0189,2150.6000,10753.0000,0.0558,21.23,7548.0000,0.1887,0.1068,-2310.68,-0.3711,-11553.41,-0.3711,-0.0070,-0.3671,-878.8000,-0.4086,-4394.0000,-0.4086,-0.0204,-0.3663,0.52,0.0247,-2961.0000,-0.3923,0.0195,0.1033,0.0011,0.0102
Cauliflower + Quinoa,9e1e06a082e1a9f97e7cde96e99f413d,5992.95,29964.73,0.0183,515.4000,2577,0.0143,22.73,2029,0.2138,0.0890,2024-12-30,2025-06-29,4291.93,21459.65,0.0131,386.8000,1934.0000,0.0100,23.15,1543.0000,0.2320,0.0914,1701.02,0.3963,8505.08,0.3963,0.0053,0.4051,128.6000,0.3325,643.0000,0.3325,0.0043,0.4280,-0.42,-0.0182,486.0000,0.3150,-0.0182,-0.0785,-0.0024,-0.0258
HUNGRY Mains,74e7de0f09101a7be561b5d3d3058564,1683.00,1683.00,0.0010,26.0000,26,0.0001,,0,0.0000,0.0000,2024-12-30,2025-06-29,3625.00,3625.00,0.0022,66.0000,66.0000,0.0003,,0.0000,0.0000,0.0000,-1942.00,-0.5357,-1942.00,-0.5357,-0.0012,-0.5328,-40.0000,-0.6061,-40.0000,,-0.0002,-0.5760,,,0.0000,,0.0000,0.0000,0.0000,0.0000
Indaba Sauvignon Blanc Bottle,04e74836fc8430d46168bb60882738b1,196.00,196.00,0.0001,7.0000,7,0.0000,,6,0.4000,0.2000,2024-12-30,2025-06-29,35.97,107.91,0.0001,1.3333,4.0000,0.0000,,4.0000,0.5000,0.0000,160.03,4.4490,88.09,0.8163,0.0001,0.8277,5.6667,4.2500,3.0000,,0.0000,0.8571,,,2.0000,,-0.1000,-0.2000,0.2000,0.0000
Nutrl Black Cherry,f583ecef4a4aa3a20ce7a0508414d5a5,20.00,20.00,0.0000,6.0000,6,0.0000,,5,,,2024-12-30,2025-06-29,,,,,,,,,,,,,,,,,,,,,,,,,,,,,,
Aramark Marriott BYO Harvest Veg Bowl,627a4bf5a73627cda4e20bf100369d99,199.08,199.08,0.0001,14.0000,14,0.0001,,0,0.0000,0.0000,2024-12-30,2025-06-29,369.32,369.32,0.0002,26.0000,26.0000,0.0001,,0.0000,0.0000,0.0000,-170.24,-0.4610,-170.24,-0.4610,-0.0001,-0.4576,-12.0000,-0.4615,-12.0000,,-0.0001,-0.4222,,,0.0000,,0.0000,0.0000,0.0000,0.0000
Aramark Marriott BYO Chicken Bowl,f351249659d93d739d7a2873d0c5cd18,1251.36,1251.36,0.0008,88.0000,88,0.0005,,0,0.0000,0.0000,2024-12-30,2025-06-29,2288.59,2288.59,0.0014,161.0000,161.0000,0.0008,,0.0000,0.0000,0.0000,-1037.23,-0.4532,-1037.23,-0.4532,-0.0006,-0.4498,-73.0000,-0.4534,-73.0000,-0.4534,-0.0003,-0.4144,,,0.0000,,0.0000,0.0000,0.0000,0.0000
Fresh Young Coconut,a2c7e426db993ca42549fef34557ea24,18.00,72.00,0.0000,4.0000,16,0.0001,,9,0.2500,0.0000,2024-12-30,2025-06-29,1008.76,5043.80,0.0031,140.2000,701.0000,0.0036,27.68,536.0000,0.1772,0.0709,-990.76,-0.9822,-4971.80,-0.9857,-0.0030,-0.9856,-136.2000,-0.9715,-685.0000,-0.9772,-0.0035,-0.9755,,,-527.0000,-0.9832,0.0728,0.4105,-0.0709,-1.0000
Pabst Blue Ribbon - Happy Hour,17be5be0e5f88587265214d81e4a5df1,18.00,18.00,0.0000,6.0000,6,0.0000,,4,0.2500,0.0000,2024-12-30,2025-06-29,112.59,112.59,0.0001,38.0000,38.0000,0.0002,,31.0000,0.1613,0.0323,-94.59,-0.8401,-94.59,-0.8401,-0.0001,-0.8391,-32.0000,-0.8421,-32.0000,,-0.0002,-0.8325,,,-27.0000,,0.0887,0.5500,-0.0323,-1.0000
Eurest APL Bowl,ff79c027d1167e4e0bfde60ed13c1428,1719.12,1719.12,0.0011,116.0000,116,0.0006,,0,0.0000,0.0000,2024-12-30,2025-06-29,,,,,,,,,,,,,,,,,,,,,,,,,,,,,,
HUNGRY Toppings,a379e37635c5f1713bd49e951e27dce4,72.00,72.00,0.0000,4.0000,4,0.0000,,0,0.0000,0.0000,2024-12-30,2025-06-29,580.00,580.00,0.0004,30.0000,30.0000,0.0002,,0.0000,0.0000,0.0000,-508.00,-0.8759,-508.00,-0.8759,-0.0003,-0.8751,-26.0000,-0.8667,-26.0000,,-0.0001,-0.8590,,,0.0000,,0.0000,0.0000,0.0000,0.0000
Aramark Marriott Extra Paneer,c50b01ef61c9441698c77f9219e1642c,20.48,20.48,0.0000,4.0000,4,0.0000,,0,0.0000,0.0000,2024-12-30,2025-06-29,30.72,30.72,0.0000,6.0000,6.0000,0.0000,,0.0000,0.0000,0.0000,-10.24,-0.3333,-10.24,,-0.0000,-0.3291,-2.0000,-0.3333,-2.0000,,-0.0000,-0.2903,,,0.0000,,0.0000,0.0000,0.0000,0.0000
HUNGRY Veggies,790365c0e6600906c1f142ecd0da1b51,175.00,175.00,0.0001,7.0000,7,0.0000,,0,0.0000,0.0000,2024-12-30,2025-06-29,465.00,465.00,0.0003,21.0000,21.0000,0.0001,,0.0000,0.0000,0.0000,-290.00,-0.6237,-290.00,-0.6237,-0.0002,-0.6213,-14.0000,-0.6667,-14.0000,,-0.0001,-0.6422,,,0.0000,,0.0000,0.0000,0.0000,0.0000
Olipop - Lemon Lime,d0f6c9eca03c9e01cc39075f92426076,947.89,4739.43,0.0029,263.2000,1316,0.0073,24.73,1131,0.1725,0.0459,2024-12-30,2025-06-29,1021.07,5105.35,0.0031,283.8000,1419.0000,0.0074,23.64,1246.0000,0.1806,0.0441,-73.18,-0.0717,-365.92,-0.0717,-0.0002,-0.0658,-20.6000,-0.0726,-103.0000,-0.0726,-0.0000,-0.0061,1.10,0.0464,-115.0000,-0.0923,-0.0081,-0.0449,0.0017,0.0395
Paneer Tikka Masala,69d79d2325d9449dac6849aa7f892975,175.20,876.00,0.0005,14.0000,70,0.0004,,63,0.2381,0.0476,2024-12-30,2025-06-29,,,,,,,,,,,,,,,,,,,,,,,,,,,,,,
Chicken Tikka Masala,267c2347c906518c838773cc8332e72e,7580.13,37900.67,0.0232,550.6000,2753,0.0153,25.94,2211,0.1793,0.0830,2024-12-30,2025-06-29,649.57,3247.86,0.0020,50.0000,250.0000,0.0013,29.06,223.0000,0.1973,0.0762,6930.56,10.6694,34652.81,10.6694,0.0212,10.7427,500.6000,10.0120,2503.0000,10.0120,0.0140,10.7988,-3.12,-0.1073,1988.0000,8.9148,-0.0181,-0.0915,0.0067,0.0883
Grain Bowl,8f1eb7b733a778fa96d20356d25b7acb,61166.69,305833.44,0.1872,4741.0000,23705,0.1318,19.53,14793,0.2568,0.1692,2024-12-30,2025-06-29,83072.02,415360.11,0.2526,6797.8000,33989.0000,0.1763,18.84,20100.0000,0.2306,0.1574,-21905.33,-0.2637,-109526.67,-0.2637,-0.0654,-0.2591,-2056.8000,-0.3026,-10284.0000,-0.3026,-0.0445,-0.2526,0.69,0.0364,-5307.0000,-0.2640,0.0262,0.1136,0.0118,0.0752
Spindrift - Grapefruit,7eb389cafb173c3fe430a2ef7af062b5,686.35,3431.73,0.0021,248.8000,1244,0.0069,23.75,1041,0.1690,0.0569,2024-12-30,2025-06-29,816.26,4081.32,0.0025,289.6000,1448.0000,0.0075,22.97,1269.0000,0.1789,0.0520,-129.92,-0.1592,-649.59,-0.1592,-0.0004,-0.1539,-40.8000,-0.1409,-204.0000,-0.1409,-0.0006,-0.0792,0.78,0.0339,-228.0000,-0.1797,-0.0099,-0.0554,0.0049,0.0940
Garlic Naan,d82b81ee46917a4a06cdfb7736d70417,6107.77,30538.85,0.0187,2209.6000,11048,0.0614,23.01,7739,0.1790,0.0871,2024-12-30,2025-06-29,5179.67,25898.33,0.0158,2044.8000,10224.0000,0.0530,22.77,7265.0000,0.1953,0.0941,928.10,0.1792,4640.52,0.1792,0.0029,0.1866,164.8000,0.0806,824.0000,0.0806,0.0084,0.1580,0.25,0.0109,474.0000,0.0652,-0.0163,-0.0835,-0.0071,-0.0750
Spicy Chicken Burrito,0f9c19dd694d3299d402c77c69c32f52,626.25,3131.27,0.0019,51.4000,257,0.0014,21.13,201,0.2523,0.0654,2024-12-30,2025-06-29,4407.55,22037.74,0.0134,349.2000,1746.0000,0.0091,23.62,1474.0000,0.2008,0.0570,-3781.29,-0.8579,-18906.47,-0.8579,-0.0115,-0.8570,-297.8000,-0.8528,-1489.0000,-0.8528,-0.0076,-0.8422,-2.48,-0.1052,-1273.0000,-0.8636,0.0515,0.2566,0.0084,0.1480
Aramark Tandoori Paneer Bowl,5632e59bde719e60562d9ae604b2d427,6669.47,6669.47,0.0041,443.0000,443,0.0025,,0,0.0000,0.0000,2024-12-30,2025-06-29,4186.66,8373.32,0.0051,278.0000,556.0000,0.0029,,0.0000,0.0000,0.0000,2482.81,0.5930,-1703.85,-0.2035,-0.0010,-0.1985,165.0000,0.5935,-113.0000,-0.2032,-0.0004,-0.1463,,,0.0000,,0.0000,0.0000,0.0000,0.0000
Offsite Pop-Up Mango Lassi,8c04e63c7ef00004642cfeb2328f26e2,1613.96,4841.87,0.0030,269.0000,807,0.0045,,0,0.0000,0.0000,2024-12-30,2025-06-29,822.00,822.00,0.0005,137.0000,137.0000,0.0007,,0.0000,0.0000,0.0000,791.96,0.9635,4019.87,4.8904,0.0025,4.9273,132.0000,0.9635,670.0000,4.8905,0.0038,5.3094,,,0.0000,,0.0000,0.0000,0.0000,0.0000
Masala Chai,65f3d39b3b905d8708692e1987f25b8f,1115.77,5578.85,0.0034,235.0000,1175,0.0065,22.59,853,0.1250,0.0484,2024-12-30,2025-06-29,785.23,3926.17,0.0024,204.8000,1024.0000,0.0053,20.22,772.0000,0.1554,0.0363,330.54,0.4209,1652.68,0.4209,0.0010,0.4299,30.2000,0.1475,151.0000,0.1475,0.0012,0.2297,2.38,0.1175,81.0000,0.1049,-0.0304,-0.1958,0.0121,0.3341
Kingfisher - Happy Hour,3f4f4be5dc8d87fa8b1c17dc36df8ae0,112.00,112.00,0.0001,28.0000,28,0.0002,,17,0.6000,0.0000,2024-12-30,2025-06-29,130.61,130.61,0.0001,33.0000,33.0000,0.0002,,28.0000,0.1071,0.0357,-18.61,-0.1425,-18.61,-0.1425,-0.0000,-0.1371,-5.0000,-0.1515,-5.0000,,-0.0000,-0.0877,,,-11.0000,,0.4929,4.6000,-0.0357,-1.0000
Mont Gravet Rose-gl,164ba12383ac667eb06ece5c9fccfefd,42.80,214.00,0.0001,6.4000,32,0.0002,,28,0.1111,0.0000,2024-12-30,2025-06-29,111.24,556.20,0.0003,17.0000,85.0000,0.0004,,69.0000,0.2464,0.0725,-68.44,-0.6152,-342.20,-0.6152,-0.0002,-0.6128,-10.6000,-0.6235,-53.0000,,-0.0003,-0.5964,,,-41.0000,,-0.1353,-0.5490,-0.0725,-1.0000
Borsao Granache-gl,998ea9ae9225821e59f21b9bc4cbfe56,63.80,319.00,0.0002,9.0000,45,0.0003,,38,0.1034,0.0345,2024-12-30,2025-06-29,43.62,218.10,0.0001,6.0000,30.0000,0.0002,,26.0000,0.2692,0.0000,20.18,0.4626,100.90,0.4626,0.0001,0.4718,3.0000,0.5000,15.0000,,0.0001,0.6026,,,12.0000,,-0.1658,-0.6158,0.0345,0.0000
Kids BYO,66c163b662cda637cb2478e2112386c7,3798.31,18991.57,0.0116,540.2000,2701,0.0150,22.28,1723,0.2358,0.1632,2024-12-30,2025-06-29,4288.30,21441.50,0.0130,600.8000,3004.0000,0.0156,24.76,1873.0000,0.2221,0.1297,-489.99,-0.1143,-2449.93,-0.1143,-0.0014,-0.1087,-60.6000,-0.1009,-303.0000,-0.1009,-0.0006,-0.0365,-2.48,-0.1000,-150.0000,-0.0801,0.0137,0.0618,0.0334,0.2578
Chips + Chutney,405726360fa559701e5084184da18f6a,26.00,78.00,0.0000,8.6667,26,0.0001,,22,0.2632,0.1053,2024-12-30,2025-06-29,240.28,1201.39,0.0007,79.0000,395.0000,0.0020,23.14,339.0000,0.2006,0.0442,-214.28,-0.8918,-1123.39,-0.9351,-0.0007,-0.9347,-70.3333,-0.8903,-369.0000,-0.9342,-0.0019,-0.9292,,,-317.0000,-0.9351,0.0626,0.3119,0.0610,1.3789
Eurest APL Premium Bowl,5a4b4337af0e6c18a29cbff816f4f90b,2561.22,2561.22,0.0016,153.0000,153,0.0008,,0,0.0000,0.0000,2024-12-30,2025-06-29,,,,,,,,,,,,,,,,,,,,,,,,,,,,,,
White Claw Black Cherry - Happy Hour,fe497a6fac9f4e838914884d99b98607,27.60,27.60,0.0000,8.0000,8,0.0000,,7,0.5000,0.0000,2024-12-30,2025-06-29,76.00,76.00,0.0000,19.0000,19.0000,0.0001,,18.0000,0.0556,0.0000,-48.40,-0.6368,-48.40,,-0.0000,-0.6346,-11.0000,-0.5789,-11.0000,,-0.0001,-0.5556,,,-11.0000,,0.4444,7.9999,0.0000,0.0000
Guest Services BYO Spicy Chicken Bowl,3270f736f47d60493d55c5d057545db3,3803.85,3803.85,0.0023,237.0000,237,0.0013,,0,0.0000,0.0000,2024-12-30,2025-06-29,,,,,,,,,,,,,,,,,,,,,,,,,,,,,,
Gift Card,e9baacf6e24fcad141d621243a818dcb,115.00,575.00,0.0004,3.4000,17,0.0001,,15,0.2222,0.2222,2024-12-30,2025-06-29,177.50,710.00,0.0004,4.5000,18.0000,0.0001,,14.0000,0.2143,0.0000,-62.50,-0.3521,-135.00,-0.1901,-0.0001,-0.1851,-1.1000,-0.2444,-1.0000,,0.0000,0.0108,,,1.0000,,0.0079,0.0370,0.2222,0.0000
Pabst Blue Ribbon,3027374bc15bcfd99f44f32db083bebf,61.00,61.00,0.0000,19.0000,19,0.0001,,8,0.5000,0.1250,2024-12-30,2025-06-29,99.00,99.00,0.0001,28.0000,28.0000,0.0001,,22.0000,0.2273,0.0455,-38.00,-0.3838,-38.00,,-0.0000,-0.3800,-9.0000,-0.3214,-9.0000,,-0.0000,-0.2690,,,-14.0000,,0.2727,1.2000,0.0795,1.7500
Aramark Marriott Chicken Curry Bowl,39ad98dff9725e094b5847c34e1cc598,440.82,440.82,0.0003,31.0000,31,0.0002,,0,0.0000,0.0000,2024-12-30,2025-06-29,4036.59,4036.59,0.0025,284.0000,284.0000,0.0015,,0.0000,0.0000,0.0000,-3595.77,-0.8908,-3595.77,-0.8908,-0.0022,-0.8901,-253.0000,-0.8908,-253.0000,-0.8908,-0.0013,-0.8832,,,0.0000,,0.0000,0.0000,0.0000,0.0000
HUNGRY BYO Cauliflower & Potato Bowl,5ef40fa5b725328d79dc949b816ab4c5,1827.00,1827.00,0.0011,174.0000,174,0.0010,,0,0.0000,0.0000,2024-12-30,2025-06-29,,,,,,,,,,,,,,,,,,,,,,,,,,,,,,
Mont Gravet Rose Bottle,0e10be6450b2f06cea9938561a00102b,28.00,56.00,0.0000,1.5000,3,0.0000,,2,0.0000,0.0000,2024-12-30,2025-06-29,163.59,163.59,0.0001,6.0000,6.0000,0.0000,,5.0000,0.4000,0.2000,-135.59,-0.8288,-107.59,-0.6577,-0.0001,-0.6555,-4.5000,-0.7500,-3.0000,,-0.0000,-0.4516,,,-3.0000,,-0.4000,-1.0000,-0.2000,-1.0000
Fooda Chicken Tikka Masala,f42a31800b7654005951d0bca2dbb49d,99.54,199.08,0.0001,7.0000,14,0.0001,,0,0.0000,0.0000,2024-12-30,2025-06-29,,,,,,,,,,,,,,,,,,,,,,,,,,,,,,
Shutdown Bowl - Veg,8143ebb55d1b82045a1db569f98b01e5,9.50,19.00,0.0000,1.0000,2,0.0000,,2,1.0000,0.0000,2024-12-30,2025-06-29,,,,,,,,,,,,,,,,,,,,,,,,,,,,,,
Tamarind Margarita,207daa5e782d92a1b35d4c847b42eb8c,35.00,35.00,0.0000,5.0000,5,0.0000,,4,0.0000,0.0000,2024-12-30,2025-06-29,608.40,3041.99,0.0019,76.0000,380.0000,0.0020,42.07,286.0000,0.1399,0.0140,-573.40,-0.9425,-3006.99,-0.9885,-0.0018,-0.9884,-71.0000,-0.9342,-375.0000,-0.9868,-0.0019,-0.9858,,,-282.0000,-0.9860,-0.1399,-1.0000,-0.0140,-1.0000
